i,rtt_ms
1,375.827
2,544.668
3,477.894
4,614.608
5,472.569
6,551.162
7,409.23
8,409.204
9,409.397
10,614.164
11,485.307
12,658.991
13,493.425
14,415.292
15,412.585
16,605.375
17,623.15
18,400.354
19,409.414
20,414.496
21,404.559
22,613.948
23,425.266
24,393.956
25,410.619
26,547.602
27,475.064
28,614.135
29,478.447
30,621.236
31,537.914
32,410.086
33,409.08
34,614.012
35,615.739
36,432.48
37,389.484
38,405.323
39,409.086
40,614.052
41,614.468
42,499.911
43,523.392
44,410.013
45,516.216
46,563.522
47,557.831
48,409.811
49,553.88
50,469.108
