test,L,packet,ms
handshake,0,614,7653.384
handshake,0,614,7610.016
handshake,0,614,7616.528
seal,8,58,68.314
seal,8,58,68.404
seal,8,58,69.131
seal,8,58,68.212
seal,8,58,68.276
seal,8,58,70.016
seal,8,58,68.245
seal,8,58,71.123
seal,8,58,69.057
seal,8,58,68.287
seal,8,58,68.232
seal,8,58,68.747
seal,8,58,68.237
seal,8,58,68.239
seal,8,58,68.861
seal,8,58,68.679
seal,8,58,68.344
seal,8,58,69.367
seal,8,58,69.121
seal,8,58,68.252
seal,8,58,68.362
seal,8,58,69.918
seal,8,58,68.265
seal,8,58,69.152
seal,8,58,69.905
seal,8,58,68.296
seal,8,58,68.21
seal,8,58,69.123
seal,8,58,68.275
seal,8,58,68.414
seal,8,58,70.579
seal,8,58,68.322
seal,8,58,70.269
seal,8,58,69.258
seal,8,58,68.212
seal,8,58,68.242
seal,8,58,69.958
seal,8,58,68.735
seal,8,58,68.288
seal,8,58,69.651
seal,8,58,70.254
seal,8,58,68.355
seal,8,58,69.219
seal,8,58,68.305
seal,8,58,68.379
seal,8,58,68.957
seal,8,58,68.825
seal,8,58,68.227
seal,8,58,71.967
seal,8,58,69.193
seal,8,58,68.345
seal,8,58,68.341
seal,8,58,70.055
seal,8,58,68.261
seal,8,58,68.223
seal,8,58,69.651
seal,8,58,71.681
seal,8,58,68.333
seal,8,58,70.014
seal,8,58,68.254
seal,8,58,68.266
seal,8,58,69.742
seal,8,58,68.299
seal,8,58,68.358
seal,8,58,73.332
seal,8,58,68.336
seal,8,58,68.354
seal,8,58,69.858
seal,8,58,68.274
seal,8,58,68.343
seal,8,58,69.651
seal,8,58,68.23
seal,8,58,68.44
seal,8,58,69.026
seal,8,58,68.845
seal,8,58,68.285
seal,8,58,68.72
seal,8,58,69.715
seal,8,58,68.27
seal,8,58,68.349
seal,8,58,70.259
seal,8,58,68.258
seal,8,58,68.312
seal,8,58,69.723
seal,8,58,68.235
seal,8,58,68.301
seal,8,58,69.137
seal,8,58,71.848
seal,8,58,68.317
seal,8,58,69.768
seal,8,58,68.3
seal,8,58,69.208
seal,8,58,69.615
seal,8,58,68.272
seal,8,58,68.328
seal,8,58,69.89
seal,8,58,68.27
seal,8,58,68.227
seal,8,58,68.764
seal,8,58,68.302
open,8,58,70.234
open,8,58,68.953
open,8,58,69.969
open,8,58,70.693
open,8,58,68.969
open,8,58,68.973
open,8,58,69.441
open,8,58,69.171
open,8,58,69.032
open,8,58,69.453
open,8,58,68.935
open,8,58,68.918
open,8,58,69.482
open,8,58,68.94
open,8,58,68.94
open,8,58,71.031
open,8,58,69.649
open,8,58,68.982
open,8,58,68.971
open,8,58,69.801
open,8,58,68.942
open,8,58,69.007
open,8,58,69.823
open,8,58,70.916
open,8,58,69.086
open,8,58,70.078
open,8,58,68.964
open,8,58,68.969
open,8,58,69.791
open,8,58,68.95
open,8,58,69.035
open,8,58,70.451
open,8,58,69.126
open,8,58,69.04
open,8,58,69.954
open,8,58,68.977
open,8,58,68.964
open,8,58,70.772
open,8,58,68.945
open,8,58,69.037
open,8,58,70.095
open,8,58,69.007
open,8,58,69.006
open,8,58,70.73
open,8,58,68.959
open,8,58,68.95
open,8,58,69.054
open,8,58,69.14
open,8,58,69.162
open,8,58,69.039
open,8,58,70.144
open,8,58,69.121
open,8,58,69.005
open,8,58,69.783
open,8,58,69.904
open,8,58,68.943
open,8,58,70.139
open,8,58,68.999
open,8,58,69.028
open,8,58,70.781
open,8,58,68.944
open,8,58,68.951
open,8,58,70.299
open,8,58,69.004
open,8,58,69.176
open,8,58,70.671
open,8,58,68.968
open,8,58,69.009
open,8,58,70.3
open,8,58,68.965
open,8,58,69.0
open,8,58,72.886
open,8,58,69.191
open,8,58,69.059
open,8,58,68.984
open,8,58,69.236
open,8,58,68.972
open,8,58,69.135
open,8,58,70.275
open,8,58,72.515
open,8,58,69.102
open,8,58,70.708
open,8,58,68.991
open,8,58,68.944
open,8,58,70.149
open,8,58,69.003
open,8,58,69.87
open,8,58,71.177
open,8,58,69.028
open,8,58,68.991
open,8,58,69.775
open,8,58,68.934
open,8,58,68.969
open,8,58,70.327
open,8,58,72.969
open,8,58,69.092
open,8,58,70.399
open,8,58,68.996
open,8,58,69.018
open,8,58,69.53
seal,32,90,68.403
seal,32,90,68.876
seal,32,90,68.342
seal,32,90,68.429
seal,32,90,68.277
seal,32,90,68.628
seal,32,90,68.484
seal,32,90,68.459
seal,32,90,70.177
seal,32,90,68.396
seal,32,90,68.332
seal,32,90,69.756
seal,32,90,68.395
seal,32,90,69.19
seal,32,90,70.197
seal,32,90,68.38
seal,32,90,68.442
seal,32,90,69.708
seal,32,90,72.836
seal,32,90,68.409
seal,32,90,70.572
seal,32,90,68.384
seal,32,90,68.453
seal,32,90,73.239
seal,32,90,68.377
seal,32,90,68.44
seal,32,90,69.057
seal,32,90,68.739
seal,32,90,72.803
seal,32,90,68.395
seal,32,90,70.047
seal,32,90,68.374
seal,32,90,68.402
seal,32,90,74.222
seal,32,90,68.347
seal,32,90,68.398
seal,32,90,70.046
seal,32,90,68.381
seal,32,90,72.941
seal,32,90,69.822
seal,32,90,68.407
seal,32,90,68.395
seal,32,90,70.383
seal,32,90,68.591
seal,32,90,68.429
seal,32,90,68.899
seal,32,90,68.382
seal,32,90,68.492
seal,32,90,68.749
seal,32,90,69.19
seal,32,90,68.421
seal,32,90,68.369
seal,32,90,70.051
seal,32,90,68.433
seal,32,90,68.448
seal,32,90,69.792
seal,32,90,68.85
seal,32,90,72.823
seal,32,90,70.119
seal,32,90,68.393
seal,32,90,68.41
seal,32,90,69.94
seal,32,90,68.583
seal,32,90,68.881
seal,32,90,69.254
seal,32,90,68.737
seal,32,90,68.402
seal,32,90,69.032
seal,32,90,68.39
seal,32,90,68.394
seal,32,90,68.969
seal,32,90,69.71
seal,32,90,68.408
seal,32,90,68.389
seal,32,90,73.729
seal,32,90,69.3
seal,32,90,68.412
seal,32,90,69.498
seal,32,90,68.434
seal,32,90,68.547
seal,32,90,69.834
seal,32,90,68.412
seal,32,90,68.516
seal,32,90,70.259
seal,32,90,68.435
seal,32,90,69.413
seal,32,90,68.8
seal,32,90,72.753
seal,32,90,68.44
seal,32,90,68.99
seal,32,90,68.414
seal,32,90,68.445
seal,32,90,68.497
seal,32,90,70.133
seal,32,90,68.386
seal,32,90,68.531
seal,32,90,69.84
seal,32,90,68.393
seal,32,90,68.443
seal,32,90,70.072
open,32,90,68.998
open,32,90,69.986
open,32,90,74.332
open,32,90,69.489
open,32,90,69.11
open,32,90,69.044
open,32,90,69.608
open,32,90,72.96
open,32,90,69.153
open,32,90,70.73
open,32,90,69.113
open,32,90,69.019
open,32,90,74.422
open,32,90,69.214
open,32,90,69.151
open,32,90,70.757
open,32,90,69.226
open,32,90,69.144
open,32,90,70.654
open,32,90,69.121
open,32,90,69.181
open,32,90,70.547
open,32,90,69.08
open,32,90,70.202
open,32,90,70.371
open,32,90,69.095
open,32,90,69.032
open,32,90,69.251
open,32,90,70.791
open,32,90,69.069
open,32,90,69.107
open,32,90,70.69
open,32,90,69.165
open,32,90,69.443
open,32,90,70.238
open,32,90,69.1
open,32,90,69.052
open,32,90,70.737
open,32,90,69.324
open,32,90,69.379
open,32,90,70.422
open,32,90,69.166
open,32,90,73.104
open,32,90,70.161
open,32,90,69.073
open,32,90,69.146
open,32,90,69.531
open,32,90,73.358
open,32,90,69.721
open,32,90,69.215
open,32,90,70.634
open,32,90,69.062
open,32,90,73.612
open,32,90,70.706
open,32,90,69.092
open,32,90,69.122
open,32,90,70.742
open,32,90,69.444
open,32,90,69.112
open,32,90,70.541
open,32,90,69.05
open,32,90,73.088
open,32,90,70.873
open,32,90,69.181
open,32,90,69.664
open,32,90,70.592
open,32,90,69.063
open,32,90,69.068
open,32,90,69.671
open,32,90,73.723
open,32,90,69.59
open,32,90,69.095
open,32,90,70.145
open,32,90,69.15
open,32,90,69.215
open,32,90,71.425
open,32,90,69.076
open,32,90,69.628
open,32,90,75.049
open,32,90,69.078
open,32,90,69.128
open,32,90,70.526
open,32,90,73.276
open,32,90,69.222
open,32,90,70.403
open,32,90,69.047
open,32,90,69.305
open,32,90,70.028
open,32,90,69.066
open,32,90,69.092
open,32,90,69.703
open,32,90,74.569
open,32,90,69.092
open,32,90,69.111
open,32,90,70.794
open,32,90,73.296
open,32,90,69.172
open,32,90,70.504
open,32,90,69.064
open,32,90,69.135
seal,128,186,68.352
seal,128,186,69.225
seal,128,186,69.618
seal,128,186,69.065
seal,128,186,68.4
seal,128,186,69.992
seal,128,186,68.334
seal,128,186,68.374
seal,128,186,69.523
seal,128,186,68.449
seal,128,186,68.349
seal,128,186,69.912
seal,128,186,68.381
seal,128,186,68.376
seal,128,186,75.512
seal,128,186,68.456
seal,128,186,68.427
seal,128,186,69.325
seal,128,186,68.742
seal,128,186,68.387
seal,128,186,68.524
seal,128,186,69.132
seal,128,186,68.379
seal,128,186,68.426
seal,128,186,70.026
seal,128,186,68.413
seal,128,186,68.383
seal,128,186,69.714
seal,128,186,68.991
seal,128,186,68.488
seal,128,186,70.183
seal,128,186,68.39
seal,128,186,68.419
seal,128,186,70.247
seal,128,186,68.34
seal,128,186,68.442
seal,128,186,70.039
seal,128,186,68.353
seal,128,186,69.975
seal,128,186,70.193
seal,128,186,68.361
seal,128,186,75.319
seal,128,186,68.682
seal,128,186,68.835
seal,128,186,68.375
seal,128,186,68.443
seal,128,186,70.417
seal,128,186,68.352
seal,128,186,68.332
seal,128,186,70.015
seal,128,186,68.367
seal,128,186,68.388
seal,128,186,69.78
seal,128,186,68.328
seal,128,186,74.57
seal,128,186,69.8
seal,128,186,68.453
seal,128,186,68.496
seal,128,186,69.182
seal,128,186,68.35
seal,128,186,69.308
seal,128,186,70.113
seal,128,186,68.36
seal,128,186,68.391
seal,128,186,68.878
seal,128,186,68.534
seal,128,186,68.374
seal,128,186,75.221
seal,128,186,69.849
seal,128,186,68.475
seal,128,186,68.498
seal,128,186,70.058
seal,128,186,68.358
seal,128,186,68.42
seal,128,186,69.724
seal,128,186,68.826
seal,128,186,68.383
seal,128,186,69.634
seal,128,186,68.419
seal,128,186,68.42
seal,128,186,76.297
seal,128,186,68.466
seal,128,186,68.675
seal,128,186,70.194
seal,128,186,68.374
seal,128,186,69.275
seal,128,186,69.846
seal,128,186,68.388
seal,128,186,68.406
seal,128,186,69.033
seal,128,186,68.381
seal,128,186,68.427
seal,128,186,69.057
seal,128,186,76.463
seal,128,186,68.467
seal,128,186,68.592
seal,128,186,69.2
seal,128,186,68.422
seal,128,186,68.471
seal,128,186,69.887
open,128,186,75.836
open,128,186,70.183
open,128,186,69.229
open,128,186,71.02
open,128,186,69.092
open,128,186,69.057
open,128,186,70.354
open,128,186,69.035
open,128,186,69.241
open,128,186,70.049
open,128,186,69.599
open,128,186,69.113
open,128,186,70.36
open,128,186,69.09
open,128,186,70.334
open,128,186,69.646
open,128,186,69.258
open,128,186,69.258
open,128,186,69.124
open,128,186,69.258
open,128,186,69.026
open,128,186,69.013
open,128,186,70.226
open,128,186,69.046
open,128,186,69.533
open,128,186,70.827
open,128,186,69.043
open,128,186,75.141
open,128,186,70.664
open,128,186,69.191
open,128,186,69.267
open,128,186,70.457
open,128,186,69.286
open,128,186,69.106
open,128,186,69.855
open,128,186,69.037
open,128,186,69.092
open,128,186,69.863
open,128,186,69.083
open,128,186,69.175
open,128,186,70.275
open,128,186,70.135
open,128,186,69.151
open,128,186,69.314
open,128,186,70.359
open,128,186,69.089
open,128,186,69.21
open,128,186,69.926
open,128,186,69.987
open,128,186,69.092
open,128,186,70.445
open,128,186,69.083
open,128,186,69.041
open,128,186,71.158
open,128,186,70.128
open,128,186,69.131
open,128,186,70.973
open,128,186,69.101
open,128,186,69.768
open,128,186,69.845
open,128,186,69.175
open,128,186,69.045
open,128,186,70.401
open,128,186,69.1
open,128,186,70.35
open,128,186,69.638
open,128,186,69.028
open,128,186,70.491
open,128,186,69.165
open,128,186,70.55
open,128,186,69.067
open,128,186,69.116
open,128,186,70.742
open,128,186,69.073
open,128,186,69.148
open,128,186,70.833
open,128,186,69.064
open,128,186,69.046
open,128,186,70.757
open,128,186,69.054
open,128,186,69.954
open,128,186,70.212
open,128,186,69.188
open,128,186,69.073
open,128,186,69.828
open,128,186,69.033
open,128,186,69.052
open,128,186,70.042
open,128,186,69.072
open,128,186,69.073
open,128,186,69.73
open,128,186,69.056
open,128,186,69.112
open,128,186,69.712
open,128,186,70.818
open,128,186,69.163
open,128,186,69.236
open,128,186,70.893
open,128,186,69.048
open,128,186,69.111
seal,512,570,68.972
seal,512,570,68.848
seal,512,570,70.591
seal,512,570,68.837
seal,512,570,68.778
seal,512,570,70.097
seal,512,570,68.662
seal,512,570,68.682
seal,512,570,71.271
seal,512,570,69.027
seal,512,570,69.018
seal,512,570,70.228
seal,512,570,69.262
seal,512,570,68.84
seal,512,570,68.674
seal,512,570,70.548
seal,512,570,68.663
seal,512,570,69.03
seal,512,570,70.732
seal,512,570,68.978
seal,512,570,69.046
seal,512,570,69.77
seal,512,570,70.33
seal,512,570,68.894
seal,512,570,70.204
seal,512,570,69.216
seal,512,570,68.682
seal,512,570,77.19
seal,512,570,70.377
seal,512,570,69.22
seal,512,570,68.984
seal,512,570,70.607
seal,512,570,68.968
seal,512,570,69.637
seal,512,570,69.756
seal,512,570,68.722
seal,512,570,68.781
seal,512,570,70.608
seal,512,570,68.999
seal,512,570,69.052
seal,512,570,70.399
seal,512,570,68.886
seal,512,570,68.887
seal,512,570,69.712
seal,512,570,69.253
seal,512,570,68.73
seal,512,570,76.697
seal,512,570,70.675
seal,512,570,69.055
seal,512,570,69.24
seal,512,570,70.621
seal,512,570,68.92
seal,512,570,68.813
seal,512,570,70.089
seal,512,570,68.697
seal,512,570,68.82
seal,512,570,71.206
seal,512,570,68.999
seal,512,570,69.896
seal,512,570,70.082
seal,512,570,69.285
seal,512,570,68.831
seal,512,570,69.426
seal,512,570,70.34
seal,512,570,68.751
seal,512,570,77.395
seal,512,570,70.739
seal,512,570,68.98
seal,512,570,68.917
seal,512,570,70.759
seal,512,570,68.838
seal,512,570,68.764
seal,512,570,70.666
seal,512,570,68.69
seal,512,570,68.749
seal,512,570,69.294
seal,512,570,69.454
seal,512,570,69.25
seal,512,570,69.014
seal,512,570,69.784
seal,512,570,68.876
seal,512,570,68.852
seal,512,570,70.19
seal,512,570,68.724
seal,512,570,70.19
seal,512,570,70.263
seal,512,570,69.007
seal,512,570,68.921
seal,512,570,70.575
seal,512,570,68.871
seal,512,570,68.785
seal,512,570,69.835
seal,512,570,68.709
seal,512,570,77.413
seal,512,570,69.233
seal,512,570,69.81
seal,512,570,69.004
seal,512,570,68.909
seal,512,570,70.072
seal,512,570,68.787
open,512,570,70.918
open,512,570,69.677
open,512,570,69.578
open,512,570,71.205
open,512,570,69.671
open,512,570,69.579
open,512,570,70.265
open,512,570,76.865
open,512,570,70.172
open,512,570,70.281
open,512,570,69.704
open,512,570,69.633
open,512,570,70.443
open,512,570,70.514
open,512,570,69.548
open,512,570,69.377
open,512,570,70.673
open,512,570,78.391
open,512,570,69.707
open,512,570,71.368
open,512,570,69.878
open,512,570,69.661
open,512,570,71.408
open,512,570,69.463
open,512,570,69.455
open,512,570,70.808
open,512,570,69.432
open,512,570,70.627
open,512,570,69.796
open,512,570,71.539
open,512,570,69.652
open,512,570,69.587
open,512,570,70.247
open,512,570,69.526
open,512,570,69.456
open,512,570,71.145
open,512,570,76.923
open,512,570,70.808
open,512,570,71.482
open,512,570,69.736
open,512,570,69.708
open,512,570,70.324
open,512,570,69.5
open,512,570,69.563
open,512,570,69.836
open,512,570,69.579
open,512,570,70.956
open,512,570,69.768
open,512,570,71.084
open,512,570,69.613
open,512,570,69.736
open,512,570,71.165
open,512,570,69.471
open,512,570,69.654
open,512,570,70.649
open,512,570,76.725
open,512,570,69.863
open,512,570,70.616
open,512,570,69.734
open,512,570,69.64
open,512,570,69.615
open,512,570,69.687
open,512,570,69.406
open,512,570,69.374
open,512,570,72.709
open,512,570,70.353
open,512,570,69.746
open,512,570,70.576
open,512,570,70.946
open,512,570,69.66
open,512,570,70.892
open,512,570,69.614
open,512,570,69.506
open,512,570,70.846
open,512,570,78.126
open,512,570,69.736
open,512,570,69.768
open,512,570,70.66
open,512,570,70.107
open,512,570,69.508
open,512,570,71.252
open,512,570,69.695
open,512,570,69.407
open,512,570,77.872
open,512,570,69.774
open,512,570,69.778
open,512,570,71.148
open,512,570,69.639
open,512,570,69.674
open,512,570,70.907
open,512,570,69.456
open,512,570,69.402
open,512,570,70.118
open,512,570,71.106
open,512,570,69.747
open,512,570,70.682
open,512,570,71.206
open,512,570,69.536
open,512,570,69.437
open,512,570,70.224
reject,32,90,68.818
reject,32,90,68.199
reject,32,90,68.516
reject,32,90,68.834
reject,32,90,68.336
reject,32,90,68.674
reject,32,90,68.388
reject,32,90,68.231
reject,32,90,68.51
reject,32,90,68.409
reject,32,90,68.252
reject,32,90,68.614
reject,32,90,68.667
reject,32,90,68.228
reject,32,90,69.474
reject,32,90,68.46
reject,32,90,68.274
reject,32,90,69.359
reject,32,90,68.283
reject,32,90,68.202
reject,32,90,69.481
reject,32,90,69.144
reject,32,90,68.23
reject,32,90,69.836
reject,32,90,68.238
reject,32,90,68.253
reject,32,90,69.896
reject,32,90,68.253
reject,32,90,76.857
reject,32,90,69.382
reject,32,90,69.143
reject,32,90,68.317
reject,32,90,69.59
reject,32,90,68.487
reject,32,90,68.232
reject,32,90,70.034
reject,32,90,68.242
reject,32,90,68.208
reject,32,90,69.987
reject,32,90,68.243
reject,32,90,68.206
reject,32,90,70.004
reject,32,90,68.219
reject,32,90,68.256
reject,32,90,69.793
reject,32,90,68.279
reject,32,90,68.695
reject,32,90,69.685
reject,32,90,68.267
reject,32,90,68.22
reject,32,90,69.79
reject,32,90,68.287
reject,32,90,68.231
reject,32,90,69.18
reject,32,90,68.24
reject,32,90,68.24
reject,32,90,69.182
reject,32,90,68.245
reject,32,90,68.251
reject,32,90,69.739
reject,32,90,68.31
reject,32,90,68.653
reject,32,90,69.304
reject,32,90,68.264
reject,32,90,68.228
reject,32,90,70.6
reject,32,90,68.589
reject,32,90,76.873
reject,32,90,69.138
reject,32,90,68.296
reject,32,90,68.309
reject,32,90,68.817
reject,32,90,69.971
reject,32,90,68.29
reject,32,90,69.125
reject,32,90,68.714
reject,32,90,68.282
reject,32,90,69.082
reject,32,90,68.275
reject,32,90,68.427
reject,32,90,68.571
reject,32,90,68.265
reject,32,90,68.874
reject,32,90,68.345
reject,32,90,68.269
reject,32,90,68.414
reject,32,90,68.3
reject,32,90,68.192
reject,32,90,68.442
reject,32,90,68.346
reject,32,90,68.401
reject,32,90,68.623
reject,32,90,68.265
reject,32,90,68.202
reject,32,90,70.545
reject,32,90,68.177
reject,32,90,68.217
reject,32,90,69.336
reject,32,90,68.664
reject,32,90,68.298
